region,tenure,age,marital,address,income,ed,employ,retire,gender,reside,custcat
3,64,64,1,34,498.6,4,10,0,1,5,1
2,5,58,0,46,1194.3,4,20,0,0,8,3
4,29,73,1,35,449.9,4,21,1,0,4,1
3,33,75,1,33,407.6,3,32,1,1,4,3
1,58,60,0,26,1047.4,4,2,0,0,7,3
4,10,40,1,13,204.3,4,13,0,1,6,1
3,32,53,1,15,1668.0,2,40,0,1,2,4
3,11,43,0,41,603.5,3,43,0,1,5,1
1,57,55,0,3,606.2,4,44,0,1,2,3
2,46,66,1,4,680.4,2,14,1,0,7,3
2,36,40,0,22,1668.0,4,6,0,1,1,4
4,29,48,0,43,842.7,3,9,0,0,7,3
3,12,20,0,36,123.8,3,6,0,0,8,4
4,67,62,0,33,1373.8,1,45,0,1,1,2
2,47,47,0,29,340.3,4,42,0,0,6,4
1,23,45,1,6,487.0,5,38,0,1,1,1
3,30,49,0,18,160.6,1,35,0,0,3,3
1,53,30,0,4,681.0,2,16,0,1,3,1
4,52,53,1,42,265.5,1,22,0,0,5,4
3,34,62,0,42,484.3,1,40,0,0,8,4
3,22,38,1,14,356.1,5,39,0,1,4,2
2,48,25,0,16,1668.0,3,24,0,0,4,3
4,48,41,0,17,1668.0,2,40,1,1,1,3
4,44,29,0,49,464.0,2,16,1,0,8,2
3,6,40,1,27,470.5,5,19,0,1,3,3
1,35,55,0,42,331.6,2,40,0,1,4,3
2,45,24,1,25,1082.9,4,18,0,1,1,3
1,69,62,0,39,343.6,2,36,0,1,3,1
1,38,31,1,29,319.1,1,21,1,0,5,4
3,25,71,1,15,978.0,4,14,1,1,8,1
3,41,61,0,49,290.6,1,10,0,1,3,3
4,13,34,1,39,433.7,4,29,0,1,5,1
2,7,51,0,43,126.2,2,23,0,1,8,1
2,49,24,0,53,785.2,4,17,0,1,3,1
2,72,23,0,13,1668.0,4,35,0,1,3,2
1,61,75,1,5,796.0,4,0,1,0,1,3
1,43,66,1,32,1439.5,1,4,1,1,8,3
2,3,27,0,18,227.2,4,46,0,1,1,3
1,72,34,1,24,540.0,5,31,0,1,2,3
3,33,29,1,13,210.2,2,26,0,0,2,1
2,21,41,0,22,372.6,2,0,0,1,6,1
4,65,35,1,22,829.1,4,28,0,1,3,3
3,54,37,1,19,484.9,1,20,0,1,6,3
2,54,49,1,41,144.4,4,28,0,0,5,3
4,20,29,1,33,156.1,4,1,0,0,1,1
4,72,70,0,26,148.1,1,26,0,0,3,4
2,33,61,0,6,662.3,3,27,0,0,1,1
1,39,63,1,31,1668.0,3,13,0,1,1,3
3,55,28,0,9,1329.5,2,2,0,0,4,1
1,48,60,0,17,98.1,5,46,0,1,3,3
1,13,68,1,23,1393.3,1,34,0,0,1,2
1,22,28,0,7,945.5,2,29,0,0,4,3
3,27,63,1,21,129.8,4,36,0,1,4,1
3,69,39,1,14,350.7,2,32,0,1,8,3
3,52,65,0,47,1073.8,4,6,1,0,6,1
3,27,46,1,48,694.3,1,21,1,0,4,3
2,53,66,1,0,156.9,3,42,0,1,4,1
3,54,26,1,33,728.6,1,13,1,1,1,1
1,29,41,0,35,80.8,4,46,0,0,4,3
1,30,34,0,21,374.0,4,3,0,1,5,1
3,65,32,1,26,1110.9,4,15,0,0,1,1
2,41,36,0,44,453.6,5,16,0,1,8,4
3,11,40,1,21,299.9,4,29,0,0,5,4
3,52,25,0,3,910.6,4,8,0,1,7,4
3,43,60,0,20,975.0,3,10,0,1,3,2
3,37,51,1,14,1274.9,5,31,0,0,7,3
3,53,67,1,21,899.7,4,13,0,0,3,4
2,66,60,1,12,1061.8,5,42,0,0,8,1
1,24,26,0,8,803.4,2,41,0,0,5,3
2,31,22,1,55,552.8,3,14,0,0,6,1
1,14,43,1,7,480.2,4,26,0,0,2,4
2,47,46,0,39,369.7,2,15,0,1,8,3
4,29,32,0,40,169.5,2,16,0,0,2,3
1,25,64,1,34,208.2,5,32,0,1,1,3
1,51,52,0,51,356.7,3,14,0,0,4,1
1,30,62,1,0,542.3,1,7,0,1,7,2
1,34,24,1,16,1415.5,2,12,0,0,8,3
3,32,66,0,10,432.3,3,44,0,1,7,3
3,19,30,0,32,997.6,4,12,0,0,5,3
3,10,44,0,35,1060.0,5,17,0,0,8,1
3,60,44,0,50,371.5,5,30,0,1,4,3
2,7,67,0,21,719.3,4,4,1,1,4,2
4,24,34,1,13,367.9,4,12,0,1,2,1
1,49,32,0,51,1287.3,2,8,0,0,7,4
1,10,38,1,37,743.4,4,44,0,0,3,3
1,48,39,0,42,172.5,2,44,0,1,2,3
3,53,28,0,24,508.7,1,36,0,1,3,4
2,48,28,0,25,1668.0,5,11,0,1,5,2
1,22,31,1,21,386.7,5,29,1,0,3,4
2,2,46,1,41,639.5,2,31,0,0,3,3
1,64,38,0,11,691.8,4,41,0,1,3,3
3,24,41,1,54,195.1,3,7,0,1,5,1
2,58,61,1,9,672.6,2,35,0,0,6,1
2,15,32,0,25,146.6,2,9,0,1,6,2
2,12,72,1,17,271.0,1,27,0,1,2,1
3,57,63,0,35,1057.0,3,42,0,0,3,1
2,68,28,0,38,594.7,3,2,0,0,6,3
1,62,36,1,51,350.4,3,7,0,1,2,3
1,55,29,0,44,638.9,2,39,0,0,1,1
4,18,34,0,13,426.0,5,0,0,1,3,3
4,66,39,1,11,451.5,4,32,1,1,6,4
3,49,25,0,49,756.0,5,24,0,0,6,3
1,13,18,1,27,249.8,1,16,0,1,2,4
4,10,44,1,5,461.7,4,41,1,0,6,3
3,63,60,1,46,348.2,4,40,0,0,2,1
3,20,36,1,36,125.7,2,15,0,1,6,2
2,56,69,1,1,214.1,2,0,1,1,5,4
1,10,40,1,43,1567.4,2,6,0,0,2,3
1,21,72,0,34,608.1,2,5,0,1,3,4
4,21,32,0,34,155.0,3,47,0,1,7,4
2,21,50,1,48,130.4,2,28,0,1,4,1
1,49,63,1,27,408.6,2,32,0,1,6,2
2,66,21,0,25,1558.6,4,11,0,0,6,3
3,66,73,1,34,385.0,1,40,0,0,1,1
1,54,39,0,11,1271.8,2,34,0,1,8,3
4,15,47,1,8,592.4,4,36,0,0,3,4
3,70,55,0,47,651.7,1,22,0,1,7,3
3,40,56,0,12,153.5,2,33,0,0,4,2
2,40,19,0,28,946.3,2,26,0,0,5,3
3,51,70,0,15,341.9,1,18,0,0,3,1
3,56,55,0,12,891.6,3,28,0,0,7,4
3,69,77,0,33,233.0,1,15,1,0,1,1
1,42,46,0,44,515.0,2,45,0,1,8,4
2,44,54,0,24,592.4,5,34,0,1,2,3
1,54,44,0,7,395.2,5,35,0,0,8,2
2,19,71,0,13,617.8,2,34,0,0,1,3
2,23,67,0,9,361.2,2,21,1,1,1,1
1,46,72,0,49,266.0,3,45,1,0,1,2
1,5,48,0,17,1614.8,4,9,0,1,5,4
3,24,65,0,20,1034.6,4,27,1,1,3,4
1,52,39,0,3,243.2,1,3,1,1,5,1
4,71,45,1,24,704.4,1,14,0,1,7,3
3,38,63,1,51,246.8,3,27,0,1,1,4
2,29,22,1,22,173.3,5,23,0,1,5,4
3,32,60,1,36,1022.1,5,45,0,1,6,2
1,50,18,1,10,114.4,1,29,1,0,4,1
4,40,52,0,8,938.3,3,19,0,0,8,4
2,2,46,1,40,365.2,1,20,0,0,6,2
3,39,46,1,3,377.4,4,29,0,0,1,2
1,29,47,1,25,620.4,5,37,0,1,5,3
2,51,47,1,17,711.6,3,13,0,0,4,1
2,64,42,0,0,230.8,1,28,0,0,2,4
4,70,45,1,29,793.7,3,27,0,0,8,1
3,44,52,1,53,489.4,3,0,0,1,2,3
2,27,63,0,3,163.7,4,43,0,1,1,4
1,32,51,1,45,390.2,2,27,0,1,2,4
2,13,56,0,30,1349.7,5,11,0,0,7,4
3,68,68,1,40,1668.0,2,30,1,0,5,4
2,62,77,1,5,793.5,1,32,1,1,7,2
1,62,24,0,48,172.5,2,43,0,1,4,4
4,24,60,1,0,661.9,1,1,0,1,1,4
4,24,31,0,50,883.0,2,19,0,1,4,3
1,62,29,1,36,798.8,4,8,0,0,2,2
3,40,65,1,18,837.6,1,27,1,1,5,1
1,51,22,1,0,597.8,1,24,0,1,3,3
3,36,68,1,34,421.9,1,22,0,1,8,3
1,32,64,0,4,274.8,1,47,0,1,4,2
3,46,77,0,34,97.9,5,25,1,0,3,2
3,59,58,0,43,586.6,5,19,0,0,8,3
3,25,70,0,14,518.8,1,3,1,1,5,1
1,59,25,0,13,698.3,4,13,0,1,2,4
4,18,71,0,12,153.3,4,43,1,0,4,2
1,30,27,0,12,748.9,5,21,0,0,3,1
1,66,36,0,6,1668.0,2,43,0,1,6,1
3,69,25,1,13,476.0,2,25,0,0,5,4
2,67,42,0,36,425.5,3,26,0,0,6,4
4,23,62,1,16,572.4,4,20,0,1,8,1
4,61,34,0,43,1668.0,4,26,0,1,6,1
2,68,67,0,45,197.1,3,3,1,1,3,2
4,71,54,1,42,525.9,2,2,0,1,2,1
1,2,55,0,30,235.8,4,22,0,0,5,3
2,54,74,0,17,288.6,4,28,1,1,4,1
1,72,43,1,52,429.6,3,26,0,1,3,3
4,56,38,0,11,1313.5,4,20,1,1,7,2
1,17,77,0,26,1668.0,3,14,1,1,8,2
1,55,51,1,25,639.8,3,34,0,0,4,2
2,8,54,0,41,330.7,3,29,0,0,6,1
4,35,35,1,30,1668.0,4,2,0,0,8,1
4,46,30,0,44,317.5,5,21,0,0,1,1
3,33,28,1,51,283.1,3,34,0,1,3,1
4,51,31,1,21,108.1,2,37,0,0,6,4
4,18,29,1,48,1365.7,2,13,1,1,4,2
2,44,62,1,9,969.9,1,44,0,0,7,2
2,47,21,0,51,1668.0,2,31,0,0,4,1
3,46,55,1,9,147.1,1,21,0,0,1,3
3,21,74,0,47,1435.3,3,30,0,0,4,4
2,22,63,1,21,472.8,1,41,0,1,4,4
1,19,42,1,54,851.9,2,10,0,1,7,3
3,34,21,0,7,119.6,4,7,0,0,2,4
1,43,68,1,26,1446.7,2,21,1,1,2,2
4,27,18,0,50,838.7,4,4,0,1,2,4
1,30,58,1,2,433.3,5,40,0,1,5,4
1,21,58,1,14,749.0,3,46,0,0,8,1
4,16,29,0,4,242.3,2,29,0,0,5,3
1,48,62,1,17,281.2,2,47,0,1,7,1
1,59,28,1,21,308.5,3,3,0,1,7,1
3,21,31,0,34,101.5,3,30,0,0,5,4
4,62,66,1,14,890.7,1,21,1,1,5,1
1,42,76,0,8,1159.6,3,13,1,0,2,3
2,13,33,1,9,255.1,3,14,0,1,8,4
3,27,73,0,52,590.6,2,26,1,0,7,2
4,1,72,1,53,361.5,4,30,0,1,7,2
2,3,64,1,12,581.3,1,7,0,0,8,3
1,25,26,0,10,270.6,2,29,0,0,3,4
1,33,35,0,3,220.5,4,44,0,1,2,1
1,58,58,1,53,1037.2,2,0,0,0,7,1
1,10,77,1,39,424.7,4,42,1,1,4,3
3,61,66,0,42,1668.0,3,29,1,1,8,4
1,17,43,0,16,463.9,2,16,0,0,6,2
2,10,32,0,35,213.1,5,35,0,0,3,2
3,51,75,1,3,1192.9,2,29,1,1,3,4
3,56,34,1,37,740.4,2,36,0,1,5,1
1,44,38,1,32,799.6,5,3,0,1,4,1
4,9,75,1,18,1158.7,4,2,0,0,3,3
3,9,51,1,39,265.2,4,30,0,1,2,1
3,29,33,0,36,403.7,1,14,0,1,6,1
1,33,18,0,24,389.7,1,11,0,1,1,3
1,72,43,1,10,159.2,4,20,0,0,1,3
4,21,77,1,1,362.0,2,34,1,0,1,3
2,14,43,0,52,1302.0,2,8,0,1,6,2
2,69,59,0,15,540.5,4,46,0,1,1,3
2,12,33,1,16,152.3,2,20,0,0,4,3
3,2,64,0,38,128.8,1,7,0,1,1,4
4,31,64,0,14,1668.0,1,3,1,0,5,4
1,29,54,1,21,415.9,3,41,0,0,1,3
4,45,64,0,39,266.3,4,5,0,0,1,4
1,64,52,1,33,359.0,5,20,0,0,4,4
3,68,40,0,36,137.1,1,32,0,0,6,1
3,21,62,0,0,1395.6,2,24,0,0,1,4
1,71,68,1,25,326.4,3,12,0,0,4,4
1,46,68,0,26,1334.8,2,5,1,1,7,2
2,6,30,1,35,465.9,3,34,0,1,6,1
4,68,58,0,8,1402.8,5,23,0,1,7,3
3,10,18,1,8,548.9,3,2,0,0,3,2
4,43,52,1,42,884.6,3,8,0,1,8,3
4,57,52,1,37,794.6,5,27,0,0,2,3
2,18,39,0,45,736.0,1,8,0,1,5,1
3,20,77,0,15,590.5,5,18,0,1,4,1
1,35,70,0,55,371.0,3,5,1,0,1,4
1,64,20,1,15,1668.0,3,38,0,0,8,1
4,17,30,0,36,216.4,5,30,0,1,6,3
4,48,30,0,9,448.6,3,37,0,1,2,2
1,33,71,0,51,452.4,3,2,1,1,1,2
3,9,49,0,18,616.8,2,18,0,1,6,3
3,52,61,0,44,317.0,4,12,0,1,5,1
4,60,66,0,18,575.0,3,29,1,0,1,3
3,42,64,0,44,390.5,2,39,0,1,8,3
2,13,23,1,25,126.1,4,10,0,0,6,1
2,12,26,0,3,450.4,4,36,0,1,4,2
2,31,41,0,10,185.3,3,27,0,0,2,3
3,37,38,1,38,111.6,1,39,0,1,3,3
4,40,62,1,10,498.7,3,3,0,1,4,3
2,18,27,0,15,660.4,1,47,0,0,1,4
1,37,40,1,30,681.3,1,20,0,0,3,1
1,22,32,1,14,703.7,3,13,0,0,2,1
3,50,29,1,7,95.3,1,8,0,1,1,3
4,58,28,1,34,150.5,2,47,0,1,2,3
1,47,29,1,38,1668.0,4,42,0,0,3,4
1,1,51,0,41,193.4,2,6,0,0,4,1
3,72,42,0,52,728.7,5,21,0,1,3,3
1,2,44,1,6,258.0,5,35,0,0,6,3
4,72,46,1,23,476.4,3,28,0,1,5,1
2,3,62,1,13,269.3,5,9,0,0,2,3
1,38,69,0,50,700.5,5,17,1,0,8,3
4,8,49,1,30,498.7,2,17,0,0,6,1
1,7,56,0,5,312.3,4,13,0,1,4,2
1,50,62,1,38,193.0,1,46,0,0,1,1
1,53,59,1,2,553.8,4,9,0,0,8,4
1,9,26,1,15,169.4,3,33,0,1,6,1
1,71,76,1,40,629.3,1,43,1,1,4,1
1,24,27,1,28,1668.0,2,38,0,0,2,1
1,23,42,1,42,1316.5,5,38,0,0,1,1
1,22,57,1,31,794.1,2,7,0,1,3,1
3,34,42,1,47,417.4,1,6,1,0,2,3
3,13,32,1,31,94.8,1,37,0,1,2,1
2,31,73,0,3,155.2,3,35,1,0,4,2
2,16,22,1,3,1247.4,4,35,0,0,1,1
2,4,32,0,43,237.6,4,20,0,0,3,2
4,27,77,1,2,255.5,3,25,0,1,7,1
4,49,61,1,21,391.5,2,0,0,0,7,3
1,55,23,0,0,191.1,1,13,0,0,1,3
1,26,63,0,16,167.5,3,25,0,0,6,3
1,24,76,0,33,429.3,4,6,1,1,8,1
1,57,23,1,9,219.1,4,6,0,0,5,4
3,50,42,0,26,247.1,3,2,0,1,4,3
2,60,46,0,55,239.3,3,10,0,1,4,1
1,66,25,1,3,678.9,3,47,0,0,2,2
2,60,30,1,3,371.3,3,33,0,1,4,4
3,68,28,0,15,387.5,3,45,0,1,8,2
1,30,29,0,46,720.6,4,12,0,0,5,2
4,29,42,1,22,399.0,3,28,0,0,4,3
1,24,45,1,35,357.8,5,42,0,0,1,1
4,17,32,1,1,651.3,3,16,0,0,8,4
1,54,35,0,41,762.9,1,31,0,1,2,1
4,52,29,0,3,397.4,2,33,0,1,6,1
4,58,65,0,39,476.8,3,39,1,1,3,1
4,13,30,1,8,239.2,3,46,0,0,3,2
4,36,72,0,48,224.5,3,29,1,0,2,4
3,16,50,0,16,827.1,4,27,0,0,4,4
3,65,66,1,10,638.1,2,41,0,1,6,4
3,20,56,1,18,643.4,4,32,0,0,4,3
1,11,33,1,0,559.6,4,17,0,1,1,2
3,42,54,1,9,463.8,3,30,0,1,3,2
2,64,34,1,33,780.3,3,26,0,0,2,1
4,66,25,0,16,944.5,1,10,1,1,4,4
2,7,33,0,19,926.6,3,24,0,1,8,3
2,24,34,1,45,412.4,4,29,0,1,8,2
3,12,26,0,6,1355.8,5,43,0,0,8,3
1,23,19,1,22,536.7,3,27,0,0,1,4
1,39,74,1,10,741.4,2,7,1,1,4,1
2,21,48,1,27,560.2,4,47,0,0,1,3
2,5,42,0,18,544.7,4,27,0,1,4,3
1,37,73,0,2,248.1,2,13,1,0,5,4
2,4,31,0,3,783.4,4,36,0,1,7,1
2,17,42,0,47,1668.0,1,18,0,1,3,1
2,1,68,0,3,331.2,1,17,0,0,1,2
2,7,55,0,43,473.1,1,40,0,0,4,4
3,32,41,1,51,312.8,1,41,0,1,4,4
1,62,33,1,26,302.5,5,25,0,0,5,3
4,56,20,1,17,1537.9,3,17,0,1,1,1
4,8,23,0,43,260.9,2,41,0,1,5,1
2,3,27,0,55,305.9,3,8,0,0,4,3
2,25,65,0,6,125.5,3,35,0,1,6,1
3,47,56,0,54,243.8,2,28,0,1,8,3
4,54,44,0,52,114.0,1,40,0,1,2,4
3,60,64,1,7,741.0,4,20,0,0,7,2
4,25,27,0,3,1668.0,1,39,0,0,2,2
3,13,30,0,40,333.4,4,0,0,0,8,1
3,2,41,1,4,117.8,2,36,0,1,4,1
1,11,73,1,33,918.4,4,3,1,1,6,3
3,5,54,1,3,249.9,4,30,1,1,7,2
1,62,69,0,38,1264.0,1,9,1,0,5,1
3,20,32,1,12,356.7,1,46,0,1,4,1
4,60,68,0,5,269.7,5,36,1,1,7,1
1,40,22,0,3,387.7,3,5,0,1,4,3
3,39,31,1,10,819.6,4,42,0,0,6,3
1,33,49,1,30,372.7,1,12,0,1,5,3
3,59,21,0,4,300.4,2,26,0,0,4,3
1,4,69,1,44,381.3,3,4,0,0,1,1
4,7,70,0,33,161.6,5,5,1,1,3,3
1,31,50,0,16,614.1,2,11,0,1,8,1
4,29,36,0,55,107.0,4,25,0,0,5,4
4,40,23,1,36,313.3,4,26,0,1,6,1
3,54,55,0,37,820.6,1,41,0,1,3,2
3,43,50,1,9,569.7,2,7,0,0,6,1
4,19,63,0,39,716.8,2,35,0,1,4,4
4,24,54,1,31,424.3,3,0,0,0,2,1
1,55,25,1,55,1139.5,4,13,0,0,2,4
3,15,25,0,26,936.7,3,8,0,0,4,1
1,37,64,0,37,638.7,2,5,0,1,5,4
3,39,27,0,19,938.8,4,28,0,0,3,3
1,55,74,1,2,814.8,3,43,1,0,2,1
3,52,24,0,7,314.5,3,32,0,1,3,1
3,34,61,1,48,152.5,3,40,0,1,3,2
2,23,76,0,41,625.7,2,28,0,1,6,4
3,27,44,1,20,691.9,4,2,1,1,4,4
3,30,21,1,39,1069.5,3,16,0,0,4,1
4,16,70,1,0,211.4,2,39,1,0,2,2
2,46,29,1,2,216.5,1,2,0,1,5,1
3,16,49,0,28,645.8,3,4,0,1,8,1
4,47,77,1,34,422.3,4,40,1,0,6,3
1,55,62,0,52,98.9,2,3,0,0,4,2
1,70,20,1,42,603.5,4,46,0,0,3,1
1,9,67,1,14,101.6,4,36,1,0,3,4
3,55,27,1,45,209.8,1,31,0,1,1,3
2,7,62,1,27,1318.1,4,25,0,1,1,4
3,25,55,0,46,1668.0,3,4,0,0,7,1
3,13,35,0,9,169.0,5,19,0,1,7,4
2,12,43,0,1,343.5,2,38,0,1,8,3
4,13,25,1,3,462.5,2,43,0,0,6,3
3,4,77,1,55,1668.0,3,21,0,0,8,1
1,60,32,0,4,301.4,2,40,0,1,4,4
2,5,36,0,52,305.2,4,37,0,0,3,3
2,29,48,0,40,1543.1,3,2,0,1,2,4
1,51,58,0,8,331.2,2,29,0,1,2,3
1,72,48,0,48,796.6,3,29,0,1,6,4
4,62,48,1,8,137.1,5,26,1,1,1,3
2,10,52,1,8,389.8,4,37,0,1,8,4
2,72,69,0,32,118.5,3,42,0,1,7,1
3,48,41,1,16,192.1,2,26,0,0,4,1
3,13,67,1,16,874.8,1,15,0,1,6,3
4,33,65,0,10,429.5,5,47,1,1,2,3
3,67,75,0,34,346.3,4,46,0,1,4,3
2,29,72,0,1,245.6,3,32,1,1,1,3
2,14,65,0,13,374.7,5,30,1,0,1,3
4,64,32,1,30,568.8,1,4,0,1,1,4
3,69,64,1,27,981.3,4,19,0,1,7,2
4,71,62,0,39,54.7,2,9,0,1,6,4
1,69,35,1,12,229.8,1,24,0,1,8,1
4,63,58,0,36,507.7,3,39,0,1,8,3
3,33,33,1,42,413.0,3,10,0,1,8,4
1,14,49,1,21,617.3,5,47,0,0,8,1
3,45,65,0,14,553.7,2,6,1,0,1,2
3,16,29,0,31,350.3,4,4,0,1,7,2
1,35,38,1,32,293.3,4,46,0,1,6,3
2,48,65,1,5,367.3,4,4,0,1,2,2
4,69,45,0,31,1120.6,5,35,0,0,2,1
1,21,75,0,8,248.9,3,36,1,0,8,4
2,19,18,0,31,425.1,3,15,0,0,8,1
2,53,61,1,52,517.6,1,3,0,1,3,3
2,1,66,1,30,1557.5,2,14,1,1,1,3
4,41,73,1,42,351.5,5,3,1,1,3,1
3,54,27,1,17,962.6,3,32,0,0,1,1
1,40,77,1,51,1197.7,2,42,0,1,6,4
4,28,41,1,45,424.8,2,47,1,1,4,3
4,60,39,0,51,377.7,3,38,0,0,1,1
1,27,39,1,41,343.6,4,37,0,1,8,4
4,52,56,0,36,364.3,2,42,0,1,7,3
1,34,57,0,29,885.3,4,36,0,0,8,1
4,2,46,1,51,537.7,4,31,0,0,8,3
3,39,22,1,47,539.6,4,47,0,1,1,3
3,4,77,1,23,181.7,2,15,1,1,7,1
1,68,31,0,4,206.1,4,19,0,1,7,4
4,44,23,1,0,1668.0,1,43,0,1,7,2
1,27,53,1,13,387.7,2,14,0,0,3,2
1,36,42,0,3,240.5,4,14,0,1,4,2
1,45,54,0,11,1404.5,4,7,0,1,8,4
3,19,70,1,6,560.1,1,13,1,0,1,3
1,21,23,0,54,709.9,4,28,0,1,6,4
4,31,35,1,5,400.3,1,42,0,0,7,1
3,19,48,0,35,346.4,3,6,0,0,7,4
1,55,65,0,19,390.3,5,32,1,0,5,3
1,8,54,1,9,147.9,3,36,0,1,7,2
1,60,40,0,39,416.6,4,42,0,0,8,1
3,26,54,1,54,566.5,3,36,0,0,7,4
4,41,76,1,44,1668.0,4,7,1,1,1,1
1,12,46,0,54,478.8,4,23,0,0,2,3
4,28,71,1,33,69.1,4,45,1,1,3,3
1,55,64,1,37,414.6,2,43,0,1,3,1
4,20,36,1,8,1668.0,4,29,0,0,3,4
4,10,32,1,47,894.0,2,46,0,0,2,4
3,38,64,1,41,233.7,5,32,0,1,6,3
3,12,30,1,14,717.3,2,3,1,0,1,3
4,23,38,0,19,246.9,2,43,0,0,7,2
1,33,32,1,34,151.3,4,8,0,1,6,3
1,41,54,1,0,338.3,2,18,0,1,8,1
1,47,35,1,45,481.0,2,11,0,1,1,2
2,49,57,1,15,100.0,4,34,0,1,3,2
3,61,74,0,4,178.3,1,1,0,1,8,2
3,5,67,1,18,450.7,1,30,1,1,4,2
4,27,74,1,46,322.5,3,41,1,1,5,1
1,1,19,0,15,613.0,2,37,0,1,1,4
3,1,45,0,30,169.2,2,14,1,1,7,1
1,16,31,1,45,791.5,1,43,0,1,3,1
1,44,73,1,1,173.4,2,17,0,0,8,2
3,65,60,1,42,1663.7,2,32,0,1,3,3
4,56,37,0,16,113.3,1,24,0,1,2,1
3,47,51,0,38,186.5,4,3,0,0,5,3
1,57,54,1,10,624.2,4,0,0,0,4,3
3,13,47,1,7,1668.0,1,8,0,1,4,1
1,61,46,1,44,575.1,2,44,0,0,8,4
4,65,21,1,45,701.3,5,45,0,0,3,2
3,7,45,1,54,453.3,3,19,0,0,4,3
1,34,38,1,37,196.7,3,46,0,0,5,1
1,60,67,1,26,302.0,3,2,1,1,2,3
1,35,69,1,10,169.5,2,46,1,0,7,4
4,61,63,1,16,160.7,4,11,0,0,2,1
2,68,19,0,36,616.5,5,1,0,1,2,1
3,35,68,0,19,182.0,5,36,1,0,1,2
3,5,41,1,27,577.2,2,18,0,0,3,1
3,25,42,1,9,157.8,2,14,0,1,5,4
1,16,74,1,24,566.6,1,36,1,1,6,3
4,35,70,0,13,302.4,2,15,1,1,8,3
2,43,21,1,6,1377.3,2,36,0,1,7,4
3,34,39,0,7,579.1,4,9,0,1,3,4
3,15,62,1,29,1201.4,1,4,0,0,7,4
3,22,50,1,20,244.2,5,15,0,1,2,2
4,49,33,1,5,467.5,1,29,0,1,2,2
1,2,49,1,28,203.9,1,10,0,0,3,2
2,16,69,0,9,321.1,4,6,1,1,5,2
2,65,31,0,0,362.5,4,35,0,0,2,2
2,8,62,1,7,250.1,2,23,0,1,8,1
1,30,62,1,25,169.0,3,20,0,1,3,2
1,15,71,1,53,144.3,2,11,0,1,4,2
1,8,35,0,13,68.8,1,0,0,0,5,2
2,31,30,0,15,192.0,3,2,0,1,4,1
2,38,50,0,13,738.5,2,32,0,1,4,2
3,13,49,0,19,124.4,4,3,0,0,8,2
3,6,42,0,40,149.6,2,11,0,0,4,3
2,10,64,1,18,1668.0,4,43,0,1,1,3
2,47,65,1,36,268.6,4,16,1,0,6,1
1,62,32,0,50,577.9,1,35,0,1,6,1
3,13,65,0,52,747.3,1,16,1,1,2,2
2,24,31,0,31,759.5,3,44,0,0,7,1
1,25,42,1,39,132.3,4,39,1,1,4,2
2,26,19,0,51,371.6,4,22,0,0,2,4
2,18,38,1,44,122.5,4,32,0,1,2,1
1,4,75,1,16,1668.0,3,19,1,1,6,2
3,38,44,0,7,124.8,2,45,0,0,2,3
3,26,60,1,6,193.3,3,17,0,1,4,3
3,25,24,1,49,194.4,2,40,0,1,6,1
3,20,56,0,31,135.0,4,29,0,1,7,1
3,67,40,0,16,1319.0,2,30,0,0,4,4
2,44,62,1,19,1668.0,2,16,0,1,8,1
3,31,73,1,15,305.5,3,39,1,1,3,3
3,15,49,1,44,155.4,3,35,0,0,7,4
2,58,24,1,34,74.7,4,39,0,1,3,1
3,64,46,0,49,367.7,3,38,0,0,1,3
2,3,25,1,16,347.1,5,7,0,1,6,1
2,67,44,1,26,265.5,4,42,0,0,7,2
3,51,21,0,6,533.6,5,40,0,1,8,2
4,8,56,1,54,613.2,4,11,0,0,8,4
4,55,36,1,28,578.9,4,47,0,0,1,1
2,8,30,1,30,347.1,4,25,0,1,5,1
3,4,19,0,23,185.2,3,15,0,1,6,4
4,9,71,0,15,761.5,2,10,0,1,5,1
2,34,68,1,53,451.5,3,17,1,1,1,4
4,45,66,1,27,909.8,1,1,0,0,1,3
2,30,21,1,37,841.0,1,33,0,1,6,3
1,9,38,1,2,143.3,4,33,0,0,7,3
1,15,76,1,15,141.9,1,32,1,0,2,3
4,62,52,0,45,244.2,3,26,0,1,1,1
1,70,25,0,4,192.0,4,17,0,1,4,4
1,55,26,0,5,817.9,2,34,1,0,3,4
2,8,33,0,45,592.1,5,41,0,0,8,4
1,60,76,1,17,1077.0,2,4,1,1,8,3
2,50,28,0,15,613.9,5,18,0,0,5,3
3,38,72,0,31,528.2,4,47,1,0,8,3
1,11,58,1,10,1167.2,2,41,0,0,2,1
4,72,73,0,2,650.9,1,47,0,0,8,3
4,32,67,0,0,472.0,2,8,1,0,4,3
2,4,37,1,4,1461.1,3,22,1,1,4,3
1,16,67,0,8,490.2,2,6,0,0,1,2
3,29,28,1,38,350.4,5,41,0,1,2,2
1,5,35,1,16,228.7,2,24,0,1,2,3
2,24,30,0,4,784.5,4,11,0,1,4,2
4,34,25,1,0,1202.6,1,4,0,1,2,4
4,69,23,1,26,429.3,5,35,0,1,1,3
3,7,29,1,47,1272.7,2,38,0,1,5,1
2,42,25,1,18,92.4,3,42,0,1,7,1
3,66,40,1,3,427.6,3,46,0,1,1,3
3,59,22,1,12,432.9,1,39,0,1,5,2
2,67,21,1,27,249.9,4,37,0,1,8,4
3,13,77,0,10,1668.0,2,38,0,0,4,1
1,58,23,1,54,424.0,3,47,0,1,2,1
1,71,22,1,42,322.6,3,22,0,1,1,2
3,24,19,1,19,456.4,4,36,0,0,8,3
1,36,25,0,53,90.0,1,39,0,1,4,4
1,39,49,0,18,243.4,1,5,0,0,1,4
4,36,67,1,7,981.6,1,33,0,0,7,3
4,21,62,1,52,270.3,2,16,0,1,7,4
3,70,52,0,53,230.3,1,6,0,0,6,1
4,69,23,0,17,1274.4,5,8,0,0,1,3
4,28,64,0,33,1306.1,3,5,0,0,1,4
1,58,20,1,9,676.0,4,43,0,1,2,2
2,29,55,0,35,310.6,2,37,0,0,2,4
2,58,42,1,38,369.1,2,4,0,1,5,1
1,43,70,0,39,234.9,3,30,1,1,4,1
3,34,36,0,31,201.7,2,31,0,1,7,3
2,10,56,0,39,193.8,2,24,0,1,1,4
2,48,44,1,31,272.6,3,29,0,1,6,2
1,24,49,1,45,195.4,3,43,0,0,8,4
1,16,74,1,10,127.9,5,24,1,1,2,1
4,14,60,1,27,532.8,2,31,1,1,6,3
1,71,42,0,23,539.3,3,27,0,0,5,3
1,8,44,1,29,1668.0,1,19,0,0,1,1
1,58,60,0,7,261.9,2,42,0,1,3,3
2,63,38,0,18,566.5,4,19,0,0,7,3
3,3,28,1,53,574.1,1,38,0,1,7,3
2,43,46,0,5,364.9,3,29,0,0,3,1
1,42,22,1,35,810.8,3,32,0,1,1,1
1,26,28,1,37,831.1,1,36,0,0,2,4
4,49,43,1,26,580.9,5,35,0,1,7,3
3,30,65,1,1,364.3,3,27,0,0,5,4
3,32,64,1,1,335.8,4,29,0,0,4,3
3,32,33,0,15,149.7,3,24,1,0,1,4
3,58,43,0,5,234.6,5,16,0,1,7,1
1,46,27,0,5,271.8,2,34,0,1,4,3
2,28,63,1,8,181.9,3,42,0,1,5,3
3,67,32,1,10,635.6,4,33,0,0,7,1
2,58,65,0,46,1164.3,2,37,1,1,5,1
4,68,68,1,35,216.2,2,39,1,0,8,3
2,53,59,1,1,560.8,5,17,0,0,5,4
3,29,37,1,35,195.4,3,3,0,1,3,3
4,56,75,1,7,350.3,4,16,0,1,8,1
2,24,59,1,23,257.3,4,36,0,1,6,4
4,20,56,1,2,723.5,4,39,0,0,7,1
3,33,69,1,5,259.7,5,24,0,0,2,1
4,70,70,0,7,1004.2,3,37,0,1,6,4
2,41,22,1,24,367.2,2,3,1,0,5,4
2,28,70,0,25,265.8,1,30,0,0,1,4
3,34,63,1,19,164.0,4,32,0,1,3,4
1,21,30,0,34,547.4,4,24,0,1,8,3
2,48,36,0,40,914.8,3,34,1,0,5,2
4,26,63,0,40,556.3,1,23,0,0,7,2
3,40,30,0,32,1668.0,2,25,0,1,2,4
1,27,45,0,30,1403.1,3,28,0,0,2,4
2,24,59,0,27,349.5,4,38,0,0,8,2
1,70,57,1,13,346.6,1,11,0,0,4,2
1,25,72,0,27,650.9,4,14,0,1,8,2
4,6,24,1,0,228.6,4,20,0,1,7,2
2,28,35,1,54,1136.4,5,9,0,0,3,4
2,39,77,1,20,597.0,1,16,1,0,8,1
3,7,52,0,42,548.8,5,16,0,1,7,2
1,23,32,0,53,774.4,4,15,0,1,2,4
1,12,35,1,27,1668.0,4,19,0,1,1,3
3,37,38,0,48,512.5,1,24,0,0,2,2
3,53,51,0,26,408.4,3,33,0,1,6,2
4,70,35,1,7,1494.5,4,14,0,1,2,1
3,29,55,1,1,969.3,2,40,0,1,3,1
2,63,44,0,7,345.8,3,23,0,0,4,1
3,16,54,1,52,448.9,3,34,0,1,2,1
4,57,27,1,26,522.6,3,5,0,0,3,1
3,41,55,1,17,597.1,1,8,0,0,6,2
4,55,73,0,24,151.0,3,21,1,0,8,1
3,55,26,0,14,130.1,2,17,0,1,4,4
4,39,37,1,48,219.8,5,23,0,0,6,1
1,19,59,0,55,206.6,5,7,0,1,5,2
3,38,55,1,4,267.1,2,22,0,1,4,4
2,60,58,0,40,742.7,1,32,0,1,5,1
3,70,51,1,18,390.5,2,34,0,0,8,3
3,67,58,1,2,523.1,3,11,0,1,1,4
4,14,54,1,51,167.9,5,16,0,0,5,3
4,44,22,1,3,309.0,3,25,0,0,1,1
1,8,63,0,11,715.1,1,24,0,0,8,3
3,49,44,1,1,719.5,1,38,0,0,5,3
3,72,21,0,26,250.4,2,18,0,1,1,2
2,4,42,1,33,508.7,4,32,0,0,5,1
1,48,44,1,17,1668.0,4,42,0,0,4,1
1,69,23,1,4,440.8,3,14,0,1,1,4
3,61,77,1,6,256.7,2,39,0,0,8,2
2,29,31,1,52,389.0,5,15,0,0,4,1
4,8,37,0,45,481.2,2,16,0,0,1,3
2,67,44,1,52,396.1,4,31,0,0,5,4
4,67,67,1,29,435.9,5,29,0,1,4,1
2,42,62,0,30,140.9,3,26,0,0,6,1
4,71,64,1,44,207.0,5,11,0,0,2,2
1,1,32,0,34,396.7,2,4,0,1,7,3
3,45,68,0,24,391.7,4,43,1,0,4,2
4,3,67,0,16,284.2,1,41,1,1,4,4
4,68,45,0,27,388.0,3,42,0,1,7,1
4,49,50,1,3,469.4,2,24,0,0,5,2
1,66,20,1,10,910.6,1,42,0,0,1,2
2,41,63,1,41,412.9,1,22,0,0,5,2
1,6,75,1,48,615.2,2,3,1,0,6,3
1,2,46,0,5,289.8,3,9,0,1,3,4
3,25,50,1,5,706.5,3,13,0,1,2,2
3,54,47,0,4,603.8,2,18,0,0,1,3
3,11,22,1,44,893.6,5,45,0,0,7,1
4,62,55,0,17,791.0,5,15,1,0,1,3
3,18,61,1,18,715.9,1,29,0,1,5,2
4,36,73,1,0,413.2,3,12,1,1,7,3
1,15,73,1,54,543.8,4,30,0,0,3,1
1,34,47,1,24,1046.7,4,27,0,1,2,4
3,33,75,0,44,265.3,2,7,1,0,6,4
4,1,49,1,39,270.4,4,22,0,1,6,4
1,41,56,1,7,516.8,1,5,0,1,1,4
2,57,54,1,44,623.2,2,42,0,1,5,1
3,68,77,1,30,231.2,4,33,0,0,1,3
1,24,62,1,33,421.1,4,45,0,0,4,2
2,64,25,1,11,414.6,4,42,0,1,3,4
4,64,22,0,47,76.0,1,10,0,0,7,1
3,72,42,1,52,375.0,1,33,0,0,8,1
1,27,48,1,22,394.1,1,4,0,1,6,3
4,62,58,1,5,393.2,2,46,0,1,6,1
2,41,46,1,47,1387.6,1,37,1,1,1,3
4,5,48,0,49,169.0,3,32,0,1,1,2
1,20,73,1,28,231.1,3,47,1,1,7,3
3,49,38,0,32,55.3,4,40,1,0,4,4
2,12,47,0,12,304.3,3,41,0,1,5,3
1,32,51,1,3,325.7,1,4,0,1,6,1
4,56,46,0,52,297.3,4,1,0,1,3,1
1,11,76,0,27,1084.3,1,46,0,0,6,1
1,36,75,0,15,889.9,5,12,0,0,6,1
2,16,48,1,38,475.7,1,20,0,1,2,3
3,39,45,1,1,332.3,3,2,0,0,6,2
4,18,53,1,4,1015.9,5,29,0,0,2,1
4,70,28,0,13,440.0,3,39,0,1,3,1
1,6,43,1,25,232.3,4,40,0,1,7,4
2,70,31,1,20,113.2,4,27,0,0,8,1
1,58,26,1,10,314.0,1,31,0,0,1,2
3,62,23,0,19,817.5,4,24,0,0,6,2
4,62,53,0,18,1668.0,5,21,0,1,5,1
3,14,18,1,29,469.6,5,26,0,1,5,4
3,68,56,1,31,242.3,3,44,0,0,7,1
2,43,43,1,49,173.2,2,12,0,0,1,3
4,70,39,1,45,695.2,4,22,0,0,6,3
2,64,64,1,16,109.0,3,28,0,0,3,4
1,42,50,1,50,694.3,2,27,0,0,2,3
2,27,62,0,29,859.8,1,1,0,1,4,4
1,9,60,1,10,633.7,1,13,0,0,1,2
1,8,19,1,19,375.0,3,31,0,0,6,3
1,29,30,0,41,702.4,1,33,0,0,5,3
2,59,52,1,46,512.5,1,35,0,0,5,3
3,37,76,0,20,239.9,1,47,0,0,1,3
2,35,27,1,8,1668.0,5,32,0,0,7,1
2,18,24,0,10,337.4,1,27,0,0,1,1
4,41,74,1,5,831.5,1,15,0,0,3,2
3,46,76,0,39,64.6,3,17,0,1,4,1
3,71,28,1,28,1241.1,2,39,0,0,6,2
1,53,42,1,25,1447.5,5,22,0,1,4,1
4,44,55,0,37,457.8,5,34,0,1,7,3
1,66,29,1,46,699.0,3,5,0,0,8,3
2,31,37,1,44,698.8,3,6,0,0,7,3
4,68,41,1,7,267.3,2,10,0,0,1,3
3,27,56,0,33,692.5,1,9,0,0,7,1
3,10,36,1,49,234.1,2,29,0,1,2,1
3,31,42,0,43,274.7,1,30,0,0,8,3
3,10,35,0,18,1101.2,1,26,0,1,8,4
1,9,63,1,21,974.9,3,13,0,1,1,3
1,64,27,1,49,254.0,1,27,0,1,1,3
2,58,31,1,1,248.6,1,5,0,1,6,3
1,16,32,0,29,266.7,3,22,0,1,2,3
4,61,72,1,6,803.3,3,7,0,1,8,3
1,5,74,1,50,200.9,1,3,0,1,5,3
3,21,48,1,2,594.6,1,7,0,0,5,1
4,51,27,1,1,812.5,2,5,0,0,7,1
3,22,63,0,18,416.5,2,22,0,0,2,2
2,53,47,0,11,1002.9,4,26,0,0,5,3
2,63,68,1,27,350.4,5,29,1,1,8,3
4,5,39,1,16,376.7,3,21,0,0,1,2
3,2,77,0,19,204.5,3,8,1,1,2,2
4,68,66,0,31,1008.6,4,1,0,1,2,4
4,38,31,0,31,242.1,4,34,0,0,3,1
3,37,61,1,52,591.3,1,47,0,1,2,4
1,34,35,0,26,422.2,1,13,0,0,2,1
3,32,38,1,31,192.6,3,9,0,1,7,2
1,50,33,1,37,274.6,3,14,0,1,4,2
3,42,58,0,9,1351.4,1,10,0,0,3,2
4,12,33,1,37,525.3,2,10,0,1,4,1
2,46,56,1,48,199.4,2,23,0,0,8,1
2,49,52,1,17,570.7,2,37,0,1,4,2
1,9,63,0,9,397.7,3,34,0,1,4,2
4,28,77,0,19,1668.0,4,46,0,0,8,4
1,57,18,0,15,561.5,3,17,0,1,1,1
1,45,77,1,32,329.7,2,23,1,1,4,2
1,10,24,1,48,1392.2,1,18,0,1,6,1
1,3,49,0,33,102.5,4,2,0,1,5,4
2,42,38,0,7,482.0,3,18,0,1,7,4
2,34,56,1,17,1668.0,1,12,0,0,8,4
2,70,61,0,38,407.3,2,22,0,1,3,4
1,38,69,0,18,111.7,4,7,1,1,7,2
1,68,42,1,32,325.7,4,35,0,0,2,3
2,16,73,0,38,1431.1,5,40,0,0,2,2
1,33,37,0,18,603.9,4,46,0,0,8,4
3,11,30,1,36,228.5,3,4,0,0,1,2
1,42,40,0,22,258.4,3,5,0,0,3,2
2,14,49,1,7,285.7,2,46,0,0,6,4
2,36,58,1,20,596.8,4,40,0,1,4,4
2,25,67,1,24,1303.9,3,28,1,0,7,4
1,14,31,0,0,1037.5,1,15,0,0,3,1
1,7,36,1,49,643.8,5,24,0,1,5,1
4,37,74,0,29,154.0,2,25,0,0,2,2
1,69,44,1,2,154.5,1,40,0,0,2,2
2,15,32,0,48,684.8,2,25,0,1,2,2
2,30,77,1,47,152.4,5,1,1,1,6,2
2,17,44,0,0,373.2,5,33,1,1,2,4
2,59,77,0,9,570.2,3,37,0,0,6,1
3,30,73,1,20,179.9,5,14,0,0,3,3
4,71,72,0,28,197.0,5,5,1,1,5,4
1,18,52,0,40,414.6,4,6,0,1,7,3
2,6,65,1,23,668.8,4,40,1,1,7,2
1,42,75,1,34,1045.0,3,21,1,1,1,1
2,47,34,0,0,726.5,4,25,0,0,7,1
3,72,20,1,36,474.1,3,46,0,0,8,3
1,63,37,1,51,246.1,4,2,0,1,6,2
2,64,56,1,29,189.8,1,9,0,1,2,1
4,46,50,1,25,297.0,4,39,0,0,6,4
1,26,22,1,16,620.5,5,25,0,1,6,3
2,31,51,1,53,585.2,2,1,0,0,6,4
3,10,28,1,1,83.3,5,33,0,1,4,2
1,32,48,1,16,238.4,2,6,0,0,5,4
1,27,52,0,7,1171.7,2,37,0,1,6,1
1,3,56,0,48,476.3,1,38,1,0,4,1
4,15,42,0,27,143.9,4,39,0,1,7,4
1,39,42,1,51,1668.0,3,22,0,1,6,4
1,27,58,0,37,436.8,2,12,0,0,3,3
1,72,62,1,31,607.9,4,42,0,1,5,1
1,35,66,1,28,615.4,2,26,0,1,7,2
3,70,38,1,11,333.1,3,30,0,1,4,3
1,48,43,0,31,249.8,5,6,0,0,6,4
3,3,37,1,38,1668.0,4,29,0,1,2,2
3,15,49,1,54,997.4,4,27,0,1,4,1
4,51,25,0,30,862.8,3,14,0,1,6,3
1,40,43,1,52,708.8,5,36,0,0,8,3
4,22,29,0,52,200.3,2,6,0,1,6,2
3,38,49,1,29,1242.2,2,34,0,0,6,3
1,66,69,1,24,227.7,1,46,0,0,3,4
3,28,77,0,7,560.7,3,27,1,0,6,1
4,4,44,0,15,120.4,4,5,0,0,3,3
1,23,21,0,49,87.3,4,26,0,0,1,3
4,68,31,0,7,576.6,2,25,0,0,2,3
2,55,24,1,22,234.0,1,26,0,1,5,4
3,61,63,0,39,91.0,4,13,0,1,8,3
4,66,77,0,13,688.9,5,30,1,0,4,3
2,9,51,1,54,1668.0,2,12,0,1,7,1
4,21,28,1,36,1358.6,1,26,0,1,7,3
2,5,19,1,1,363.8,2,28,0,1,5,1
4,1,76,1,13,450.2,3,31,0,1,7,1
3,61,36,0,41,909.4,2,38,0,1,4,3
1,68,24,1,48,1096.9,2,42,0,1,4,3
2,12,28,0,51,339.6,4,37,0,1,6,4
2,52,33,1,47,459.4,2,38,0,1,6,3
1,39,57,1,4,568.5,3,41,0,0,5,4
1,5,71,1,40,696.2,1,11,1,1,4,2
2,66,34,1,6,401.9,5,14,0,1,8,3
1,63,59,1,4,406.1,3,25,1,1,1,4
1,41,21,0,38,1348.1,2,22,0,1,1,2
3,51,18,1,26,1176.4,1,33,0,0,4,4
3,29,21,1,36,654.9,4,0,0,0,1,3
3,58,73,1,47,1668.0,5,6,1,1,3,1
2,33,52,1,3,328.1,1,35,0,1,5,3
4,72,66,0,29,1637.6,1,39,1,1,4,1
3,5,19,1,46,689.9,1,14,0,1,2,1
1,13,19,0,24,1668.0,4,14,0,1,3,1
1,70,68,0,29,172.2,5,26,1,1,5,1
3,21,24,0,27,257.5,3,22,0,0,8,2
1,23,27,1,50,624.9,2,8,0,1,7,4
2,57,49,0,2,614.2,4,24,1,0,5,2
4,14,54,0,49,1668.0,4,39,0,1,2,4
1,37,31,0,45,261.9,2,35,0,0,2,3
1,21,44,1,45,922.0,1,39,0,1,4,1
4,15,58,1,23,1132.9,2,30,0,0,2,1
3,70,44,0,28,785.5,4,42,0,0,6,4
1,15,40,0,20,207.2,4,11,0,1,3,3
4,7,22,1,14,1378.6,4,2,0,1,7,4
4,49,45,0,49,1195.2,4,5,0,0,3,2
3,63,66,1,28,722.2,2,47,1,1,4,3
3,10,55,0,40,526.4,2,30,0,0,6,4
1,51,71,1,5,535.6,1,11,1,0,2,4
1,39,25,0,44,419.7,5,40,0,0,7,1
3,60,18,1,36,746.4,3,14,0,1,5,4
1,10,50,0,55,458.3,2,28,0,1,6,2
3,71,28,1,7,226.7,1,11,0,1,4,4
4,45,53,1,30,193.2,4,4,0,1,8,3
1,61,72,1,28,244.9,4,12,1,1,7,3
3,27,38,1,30,533.9,4,10,0,1,2,2
1,68,50,0,3,437.5,2,26,0,1,5,4
4,46,58,1,26,531.1,5,0,0,0,8,1
1,10,27,1,16,667.3,4,11,0,0,3,3
3,67,71,0,34,270.6,4,27,1,0,5,3
3,58,30,1,12,1443.9,4,18,0,1,7,3
2,22,66,1,24,360.8,5,30,0,1,3,2
3,40,57,1,34,316.0,5,31,0,0,5,3
3,28,26,1,3,657.5,3,46,0,1,5,3
3,40,61,1,44,102.9,3,40,0,1,2,3
3,70,29,1,40,237.5,2,10,0,0,2,3
4,65,53,0,3,979.9,4,33,0,0,5,3
2,16,75,0,3,111.3,4,30,0,0,2,4
2,70,75,0,47,1093.0,1,28,1,0,8,3
1,32,70,1,15,1497.4,1,38,0,1,5,1
4,51,47,0,48,332.6,5,7,0,1,6,3
3,56,51,0,27,564.6,5,18,0,0,4,1
2,35,36,0,19,1094.3,5,39,0,0,3,1
1,33,73,0,15,307.7,3,42,1,0,4,4
4,33,46,1,36,895.0,4,1,0,0,6,2
2,63,64,0,6,261.3,4,22,0,0,4,3
3,28,39,0,22,305.1,2,12,0,1,3,4
1,21,62,1,19,235.8,1,8,0,1,2,1
4,27,31,0,8,588.0,5,2,0,1,5,1
1,15,62,0,19,1128.9,1,25,0,0,6,1
1,29,20,0,29,385.8,3,32,0,1,5,1
4,9,24,1,37,161.7,4,25,0,0,3,3
4,7,39,0,4,188.0,4,17,0,0,2,4
1,53,46,1,48,612.9,2,37,0,1,4,3
2,6,60,1,49,1668.0,4,31,0,1,3,1
3,41,39,1,38,612.5,2,43,1,0,2,3
4,57,19,0,51,328.0,4,16,0,1,8,1
2,53,37,1,23,825.1,2,11,0,1,3,3
2,33,44,1,46,369.1,4,21,0,1,3,3
3,14,50,0,40,330.3,4,24,0,1,5,1
3,68,56,1,31,207.6,1,21,0,0,7,4
3,61,32,0,10,1379.3,2,39,0,1,4,3
3,45,54,0,31,58.6,4,2,0,0,6,2
1,7,55,0,50,846.3,1,25,0,0,1,3
4,3,64,0,55,308.5,2,20,0,1,5,3
4,23,49,0,25,321.9,3,10,0,1,1,1
4,12,66,1,13,1668.0,5,30,1,0,2,1
1,62,31,1,41,252.5,3,38,0,1,5,3
1,15,60,0,4,259.4,3,26,0,1,2,4
3,21,20,1,8,402.7,5,4,0,1,1,3
1,71,24,1,31,622.4,3,3,0,0,2,3
4,59,69,0,55,313.9,3,20,0,0,7,3
2,16,46,0,18,126.9,3,32,0,0,5,2
3,28,55,0,24,223.6,2,15,0,0,4,1
4,38,54,0,18,1245.9,2,14,0,0,8,2
2,48,59,0,24,474.6,4,41,1,0,4,4
2,68,32,0,0,641.3,1,0,0,0,8,4
3,63,28,1,33,362.7,4,3,0,0,3,4
3,71,20,0,33,263.7,2,7,0,1,1,1
2,3,69,0,17,1668.0,3,47,1,1,1,3
3,18,31,0,14,384.5,1,23,0,0,3,3
4,41,52,1,42,313.5,3,7,1,1,2,1
2,4,45,0,10,1074.4,4,14,0,0,2,1
1,26,27,1,2,250.8,2,46,0,0,4,4
2,12,42,0,2,277.8,1,33,0,1,8,3
2,68,22,0,49,450.7,2,10,0,0,2,3
1,5,28,1,20,447.1,4,11,0,0,2,2
1,11,26,0,5,550.2,2,3,1,0,8,3
3,15,67,0,49,1668.0,4,37,1,1,2,1
2,11,52,0,8,585.0,2,6,0,1,7,1
4,41,73,1,18,66.7,1,13,1,0,5,3
1,27,44,1,1,580.3,4,16,0,0,8,2
1,66,30,1,38,460.8,3,29,1,0,5,4
3,19,54,1,39,462.8,1,29,0,1,5,2
4,39,73,0,42,544.2,5,38,1,0,2,1
1,48,49,1,14,436.9,1,14,0,1,5,1
1,46,19,0,18,428.6,2,18,0,1,6,3
1,58,36,1,52,730.0,3,18,0,0,8,1
3,15,73,0,46,289.7,3,2,1,1,1,1
2,37,49,0,2,209.4,4,35,0,0,2,2
1,58,75,1,38,1668.0,1,25,1,0,1,1
1,63,48,0,45,252.1,5,22,0,0,7,3
2,45,18,1,31,484.3,4,47,0,0,1,3
4,47,70,0,35,135.1,5,8,0,1,8,1
3,63,63,1,0,490.7,4,46,0,1,3,4
2,45,60,1,1,211.9,5,32,0,0,3,2
1,69,76,0,1,313.8,4,10,1,0,8,3
1,10,29,1,8,1031.4,2,32,0,1,6,1
1,26,72,1,55,652.1,3,36,1,0,5,3
3,9,31,1,35,704.4,4,17,0,0,8,2
4,7,76,0,43,108.4,3,16,1,1,7,3
4,34,29,1,16,1668.0,4,40,0,1,6,2
4,17,51,1,52,172.3,1,7,0,1,3,4
4,30,65,1,11,1518.4,4,0,1,0,8,1
4,32,22,0,50,1012.1,2,31,0,0,6,4
1,45,22,0,1,709.4,5,43,0,0,8,4
1,69,68,1,1,225.6,1,24,0,1,8,2
2,62,21,0,4,504.6,1,6,0,0,5,2
3,28,54,1,44,306.7,4,25,0,0,3,2
1,24,74,1,14,457.5,4,12,1,0,8,4
4,56,54,0,25,366.0,4,39,0,1,8,3
3,9,46,0,26,87.5,5,29,0,1,1,3
3,39,43,1,44,1096.6,2,16,0,1,6,1
1,31,56,0,19,418.9,4,29,0,0,5,4
1,14,52,1,0,303.3,2,32,0,1,6,1
1,45,48,1,21,285.5,3,32,0,0,8,1
4,24,27,1,16,595.5,3,17,0,0,3,2
3,14,57,0,40,218.7,1,27,0,0,8,2
3,48,62,1,42,73.6,3,2,0,1,6,4
1,13,60,1,5,619.1,4,19,0,0,1,4
2,49,22,0,44,677.1,1,18,0,1,5,1
2,12,60,1,3,381.0,5,25,0,0,2,2
3,32,61,1,34,178.4,3,45,0,0,8,4
3,59,29,1,21,480.0,1,45,0,1,7,3
1,17,68,1,16,138.5,4,23,1,1,8,1
4,56,49,0,27,196.5,2,31,0,0,5,2
1,52,46,0,17,245.2,1,5,0,1,4,3
4,65,61,0,44,878.1,4,23,0,0,4,4
1,13,48,0,54,334.5,1,33,0,0,8,3
1,52,50,1,45,312.4,1,32,0,1,2,1
4,68,36,0,24,1668.0,4,46,0,1,8,3
1,55,73,1,28,592.6,1,22,0,0,4,1
2,14,76,0,25,586.3,4,43,1,0,5,4
2,60,25,0,44,332.6,4,46,0,1,6,2
1,8,61,0,30,277.4,1,27,0,0,1,1
3,43,19,0,26,77.7,3,4,0,1,2,2
4,36,40,1,22,970.3,1,18,0,1,2,1
4,39,76,1,21,639.8,4,36,1,1,7,1
2,38,28,1,30,387.3,1,27,0,0,1,3
3,3,40,0,38,400.5,5,44,0,1,5,4
1,37,31,1,24,805.5,2,39,0,0,1,4
1,68,61,0,45,128.9,4,3,0,0,7,2
1,32,45,1,46,278.9,1,41,0,0,8,1
4,20,53,1,24,180.1,2,17,0,0,4,3
4,72,74,0,50,1668.0,3,39,0,1,2,2
3,8,49,0,9,900.6,3,24,0,1,4,1
2,36,62,0,52,76.7,5,21,0,1,6,4
2,37,23,0,16,133.2,1,3,0,1,6,4
3,35,30,1,31,402.1,1,5,0,1,6,1
3,67,74,1,15,306.3,2,28,0,1,5,4
2,31,69,1,24,154.9,2,27,1,1,6,3
1,71,57,0,19,1668.0,5,26,0,1,2,1
1,5,40,1,39,574.0,5,7,0,1,2,3
4,53,29,0,4,653.6,5,24,0,0,8,1
2,43,69,1,46,257.0,1,2,0,1,5,1
4,18,65,0,50,796.6,3,6,0,0,7,4
1,17,32,0,31,329.7,4,23,0,0,6,3
3,52,53,1,30,356.3,2,29,0,1,4,1
1,46,55,0,39,728.8,4,31,0,0,5,2
1,45,46,1,11,121.4,2,47,0,0,6,4
1,4,73,1,41,1603.9,2,40,1,0,2,2
1,44,25,0,12,517.2,5,18,0,0,4,4
4,71,33,1,37,1245.6,2,37,0,1,6,4
2,2,23,1,17,189.1,5,4,0,1,1,2
3,34,59,1,41,213.6,2,41,0,0,1,3
2,36,56,1,44,176.5,1,18,0,1,2,3
2,65,77,1,11,546.1,2,36,1,1,5,4
3,21,50,1,34,471.2,1,46,0,1,2,2
1,35,27,1,27,308.3,3,33,0,0,4,1
4,52,45,1,16,198.6,1,44,0,1,2,1
4,5,23,0,32,162.3,4,0,0,0,3,3
3,58,58,0,55,430.0,5,8,0,0,1,4
2,60,58,1,0,308.0,2,30,0,1,7,3
1,52,69,0,53,258.3,1,25,1,0,4,3
4,47,38,0,47,1541.1,3,5,0,1,2,1
2,54,36,0,29,418.5,4,34,0,1,5,1
1,57,22,1,34,1234.7,3,2,0,0,8,4
2,66,42,0,20,291.8,1,47,1,0,7,3
4,31,46,1,7,543.7,3,7,0,1,8,4
3,33,63,1,32,427.6,3,21,0,1,4,1
3,46,63,1,45,114.9,2,39,0,0,3,2
4,14,26,0,12,1401.4,1,24,0,1,3,4
1,62,35,1,40,401.2,5,35,0,1,3,1
4,56,48,1,41,812.2,1,33,0,1,8,1
2,46,38,1,42,244.9,2,45,0,0,2,3
3,22,19,1,19,391.8,1,22,0,1,7,3
1,26,68,0,21,223.4,3,46,1,1,8,4
4,32,61,1,23,1201.6,3,24,0,0,7,4
1,48,49,0,47,573.5,2,42,0,1,6,3
